created_at;id_str;full_text;quote_count;reply_count;retweet_count;favorite_count;lang;user_id_str;conversation_id_str;username;tweet_url
Tue Mar 26 05:10:56 +0000 2024;1772491401994911863;"jam segini bau indomie rendang hehe";0;2;0;0;in;1434133393;1772491401994911863;sadturdates;https://twitter.com/sadturdates/status/1772491401994911863
Tue Mar 26 05:10:36 +0000 2024;1772491319400698070;"@lovrsshjw trade indomie apa kakk? aku dari jatengğŸ˜­";0;0;0;0;in;1480320682604969984;1772482052501144047;Shiineninis;https://twitter.com/Shiineninis/status/1772491319400698070
Tue Mar 26 05:10:32 +0000 2024;1772491301226791266;"@sosmedkeras kalo di kelasku, yg kuning karna dateng telat";0;0;0;0;in;1012173837440466944;1772268957312938146;indomie__goreng;https://twitter.com/indomie__goreng/status/1772491301226791266
Tue Mar 26 05:09:08 +0000 2024;1772490950243193099;"@robe_718 Pandur for marinir";0;0;0;0;is;1704793730069442560;1772462801082020191;AndreTanad49235;https://twitter.com/AndreTanad49235/status/1772490950243193099
Tue Mar 26 05:08:48 +0000 2024;1772490866185101411;"@unhavpymeal Tumis baput, atau bersama indomie";0;0;0;0;in;847044818538655749;1772471883339817435;Unwaveringidiot;https://twitter.com/Unwaveringidiot/status/1772490866185101411
Tue Mar 26 05:08:35 +0000 2024;1772490811692749263;"@tadgh_munich @princeofangelos Disana HS cukup di tukar dengan indomie ğŸ˜±";0;0;0;0;in;502836749;1772258657834774951;BantalKeras;https://twitter.com/BantalKeras/status/1772490811692749263
Tue Mar 26 05:08:30 +0000 2024;1772490789169299880;"@kdramasfangirl kim jiwon kim yoo jung kim goeun";0;0;0;0;in;1401962899011084306;1772124898661458431;fiollyne;https://twitter.com/fiollyne/status/1772490789169299880
Tue Mar 26 05:07:57 +0000 2024;1772490653504553140;"@dark_choooo sepiring indomie di roller coaster (tpi indomienya udah jadi kotak)";0;0;0;0;in;1196106163089104896;1772481603048226848;natadecochol;https://twitter.com/natadecochol/status/1772490653504553140
Tue Mar 26 05:07:31 +0000 2024;1772490544079626605;"Gue gak seneng banget kalo ada orang yang kaget bilang. Hah? Makan indomie pakek nasi? Segala bilang orang indonesia bangettt.  YA KENAPASIHHHH.";0;1;0;0;in;1661599738112901120;1772490544079626605;sbltempoyak;https://twitter.com/sbltempoyak/status/1772490544079626605
Tue Mar 26 05:06:25 +0000 2024;1772490265435009232;"@sosmedkeras indomie rebus";0;0;0;0;lt;2923688401;1772272044312314055;xxnurulhs;https://twitter.com/xxnurulhs/status/1772490265435009232
Tue Mar 26 05:06:19 +0000 2024;1772490240747339953;"@lembarkoran â €â € Di seduh campur indomie ya? â €â € â €â €â €â €";0;0;0;0;in;1458443137668431872;1770664294461612225;rainstarssx;https://twitter.com/rainstarssx/status/1772490240747339953
Tue Mar 26 05:05:00 +0000 2024;1772489912119337169;"@Naija_PR Indomie, Rice, Garri.";0;0;0;0;it;748157671262523392;1772488652196872614;Ladi_Pizzle;https://twitter.com/Ladi_Pizzle/status/1772489912119337169
Tue Mar 26 05:04:13 +0000 2024;1772489714253062523;"@BantalKeras @princeofangelos Hah kok indomie?";0;1;0;0;in;1703001966975344640;1772258657834774951;tadgh_munich;https://twitter.com/tadgh_munich/status/1772489714253062523
Tue Mar 26 05:03:57 +0000 2024;1772489646154396084;"@Naija_PR Rice  Indomie &amp  Beans and bread combination.";0;0;0;0;en;1663416216759726080;1772488652196872614;OjatulaOla36590;https://twitter.com/OjatulaOla36590/status/1772489646154396084
Tue Mar 26 05:03:09 +0000 2024;1772489443397750990;"hohoho foto indomie rebus tidak akan membuatku mokel dgn mu kawan";0;1;0;0;in;1368777513053290498;1772489443397750990;hwhwbruhh;https://twitter.com/hwhwbruhh/status/1772489443397750990
Tue Mar 26 05:01:35 +0000 2024;1772489052299698319;"@S0HEEvivin Sudah lama kita tidak mengobrol dik. Sahur sama indomie tadi saya";0;0;0;0;in;1685580301966475264;1772484675342131633;GYJvivin;https://twitter.com/GYJvivin/status/1772489052299698319
Tue Mar 26 05:01:06 +0000 2024;1772488930153443823;"Indomie lah apa lagi";0;0;0;0;in;1275135021104238592;1772488930153443823;imchiyii;https://twitter.com/imchiyii/status/1772488930153443823
Tue Mar 26 05:01:05 +0000 2024;1772488922964095260;"@Naija_PR Rice Ebay Indomie";0;0;0;0;en;1761058773848735744;1772488652196872614;prince_owe34509;https://twitter.com/prince_owe34509/status/1772488922964095260
Tue Mar 26 04:59:32 +0000 2024;1772488533376168012;"gapapa indomie seminggu yg ptg skripsi cpt slese";0;1;0;0;in;1728657587141562368;1772488533376168012;ventihotchoco;https://twitter.com/ventihotchoco/status/1772488533376168012
Tue Mar 26 04:59:24 +0000 2024;1772488501562331220;"@cursedkidd Aku sebagai anak Indomie,kamu seperti nya kena penyakit tampek mas ğŸ˜­";0;0;0;0;in;1691581116422217728;1772312098858574017;Ardew_25;https://twitter.com/Ardew_25/status/1772488501562331220
Tue Mar 26 04:57:07 +0000 2024;1772487925340729629;"@mbakrystall @kdrama_menfess izin block y mksh.";0;0;0;0;in;1401962899011084306;1772155161630142865;fiollyne;https://twitter.com/fiollyne/status/1772487925340729629
Tue Mar 26 04:56:44 +0000 2024;1772487830058545404;"@HPanus27 @faiyol_8 @LeClerc30998859 @FucekBo75941048 Indomie telor";0;0;0;0;ro;1601444741631315968;1771848402935931244;kosanbapackjoc2;https://twitter.com/kosanbapackjoc2/status/1772487830058545404
Tue Mar 26 04:56:32 +0000 2024;1772487779793895632;"Indomie arab sama kyak Indomie sudiang sama-sama ndada saosnya";0;0;0;0;in;1354226067213410305;1772487779793895632;heavenlyblusshh;https://twitter.com/heavenlyblusshh/status/1772487779793895632
Tue Mar 26 04:56:25 +0000 2024;1772487750647976376;"Indomie rawon ini ternyata enak juga";0;0;0;0;in;1121079480942874624;1772487750647976376;florescenceverr;https://twitter.com/florescenceverr/status/1772487750647976376
Tue Mar 26 04:54:46 +0000 2024;1772487336254910794;"Indomie saat sahur ternyata bukan ide yang bagus, buktinya perut gue sakit bgtt anjirrr";0;0;0;0;in;1351432282377080832;1772487336254910794;Chocolatearesss;https://twitter.com/Chocolatearesss/status/1772487336254910794
Tue Mar 26 04:54:35 +0000 2024;1772487288263520659;"Mie goreng Indomie telur setengah matang wenak iki tapi aku poso ğŸ˜";0;0;0;1;in;1192331521316667397;1772487288263520659;Juwanramadhan;https://twitter.com/Juwanramadhan/status/1772487288263520659
Tue Mar 26 04:53:47 +0000 2024;1772487085922099326;"Maaf banget OOT tapi gue off banget kalo ngeliat wanita bajunya branded kecil-kecil dan disekujur baju gitu. Selera beda-beda sih. Tapi ya tetep aja, Indomie seleraku.";0;1;0;0;in;1547255109385859072;1772487085922099326;jackednerds;https://twitter.com/jackednerds/status/1772487085922099326
Tue Mar 26 04:52:18 +0000 2024;1772486713752908231;"@FCBarcelona @adil_kais Ada-ada aja nih kreativitas tim miskin";0;0;0;0;in;890464988;1772276417146871916;akmalpashaa;https://twitter.com/akmalpashaa/status/1772486713752908231
Tue Mar 26 04:52:18 +0000 2024;1772486713438269862;"jastip indomie seblak ke sumatera ğŸ˜‹";0;0;0;0;in;1688931913225117697;1772486713438269862;cindybearnz;https://twitter.com/cindybearnz/status/1772486713438269862
Tue Mar 26 04:51:59 +0000 2024;1772486636414157174;"@amadihenry63 @ishmaelsizwe @Am_Blujay Some time ago on Twitter, a vid when run about an older guy that was caught stealing indomie in the market, he mob jumped on him and he keep begging that his children are hungry Twitter being twitter, they found the man and contributed for him changing his life Now you if youâ€¦";0;1;0;0;en;713370066;1771959809958363358;Living_JustCus;https://twitter.com/Living_JustCus/status/1772486636414157174
Tue Mar 26 04:51:46 +0000 2024;1772486579199578281;"ni bnrn kmu gkmau jd pcar aku aja? aku loh bsa msakin kmu indomie double + telor double + cabe iris + sayur. yakin msh gamau jd pcar aku?";0;5;0;1;in;1172385414910332930;1772486579199578281;kuwlgurl;https://twitter.com/kuwlgurl/status/1772486579199578281
Tue Mar 26 04:49:10 +0000 2024;1772485924066099407;"@ninicls indomie is the most delicious meal in the entire world";0;0;0;0;en;1551067474178715648;1772437060600709181;dedeuxpas;https://twitter.com/dedeuxpas/status/1772485924066099407
Tue Mar 26 04:47:14 +0000 2024;1772485437086466470;"Ayo mbak wen kita makan indomie bareng....";0;0;0;0;in;1169487848195538944;1772485437086466470;thismayoonice;https://twitter.com/thismayoonice/status/1772485437086466470
Tue Mar 26 04:45:53 +0000 2024;1772485097461100816;"abis mkn indomie goreng nyemek, yg bikinin mama pdhl si ibu lg puasa ğŸ«¶";0;0;0;0;in;1529708737295814656;1772485097461100816;utiyaa_10;https://twitter.com/utiyaa_10/status/1772485097461100816
Tue Mar 26 04:45:42 +0000 2024;1772485051629863281;"Indomie soto";0;0;0;0;it;1498972426608152576;1772485051629863281;neuviclette;https://twitter.com/neuviclette/status/1772485051629863281
Tue Mar 26 04:44:31 +0000 2024;1772484755348398316;"Beli kaos freebiesnya indomie kesukaan. Makasii @cindybearnz ğŸ«¶ https://t.co/tavoGPAQ5b";1;0;0;0;in;1490872218100056064;1772484755348398316;kfeldida;https://twitter.com/kfeldida/status/1772484755348398316
Tue Mar 26 04:42:56 +0000 2024;1772484356260401284;"Ancen setan @haniipp ngunu lak sagno dini terangsang ambune indomie dobelmu mbot https://t.co/YeGWjPESWY";0;0;0;0;in;942429722813722624;1772484356260401284;terbatasjarak;https://twitter.com/terbatasjarak/status/1772484356260401284
Tue Mar 26 04:41:50 +0000 2024;1772484081311265268;"@sosmedkeras Indomie goreng";0;0;0;0;in;36375852;1772272044312314055;shanazcou;https://twitter.com/shanazcou/status/1772484081311265268
Tue Mar 26 04:41:12 +0000 2024;1772483921214664966;"@nrlklvn Kalo cuma bisa masak indomie doang masuk kriteria ga ?";0;1;0;0;in;1054424171042680832;1772482538969219581;setiawanjoe70;https://twitter.com/setiawanjoe70/status/1772483921214664966
Tue Mar 26 04:39:55 +0000 2024;1772483598572028316;"Makan Indomie Kari rebus sama teh hangat pas hujan, serta tanpa call dari kerjaan. Yg terdengar hanya suara hujan dan seruputan mie.";0;0;0;0;in;218011166;1772483598572028316;hongmeixi;https://twitter.com/hongmeixi/status/1772483598572028316
Tue Mar 26 04:39:39 +0000 2024;1772483530540380537;"@izahoonie Ini sharing bang kecuali Indomie, jadi beli satu makan rame rame wkwkwk";0;0;0;0;in;3292374510;1772468015935770999;aiurskiest;https://twitter.com/aiurskiest/status/1772483530540380537
Tue Mar 26 04:38:22 +0000 2024;1772483207855759600;"ngiler bgt pen makan indomie kuah ğŸ˜”";0;0;0;0;in;1153234601642348544;1772483207855759600;eerriiyy_;https://twitter.com/eerriiyy_/status/1772483207855759600
Tue Mar 26 04:37:56 +0000 2024;1772483100259627504;"Is it Monaco or Indonesia? If it's Indonesia then I'll go with Indomie LOL";0;0;0;0;en;967763648708935680;1772483100259627504;elettradamus;https://twitter.com/elettradamus/status/1772483100259627504
Tue Mar 26 04:37:55 +0000 2024;1772483094659878990;"@sosmedkeras indomie";0;0;0;0;it;1055841704782090240;1772272044312314055;pu7ikale;https://twitter.com/pu7ikale/status/1772483094659878990
Tue Mar 26 04:36:25 +0000 2024;1772482718527340995;"@Ammy_Chelsea ğŸ˜ cooking 9/10 are you sure? No be to cook indomie and eggs only oh, cooking go beyond that.";0;0;0;0;en;1344614992113512455;1772313914451063129;AZaxman;https://twitter.com/AZaxman/status/1772482718527340995
Tue Mar 26 04:35:55 +0000 2024;1772482591658233877;"@lovrsshjw Mau sekalian trade gak? Nanti aku bawain indomie empal gentong dari cirebon, kebetulan nanti awal juni aku kesana wkwk";0;1;0;0;in;1672186727639941120;1772482052501144047;meraposaa;https://twitter.com/meraposaa/status/1772482591658233877
Tue Mar 26 04:34:27 +0000 2024;1772482223033438636;"breaking news :  pada open jastip oleh-oleh&gt  bm indomie luar pulau";0;0;0;0;in;1424365612126511109;1771536493816721496;yoshib0o;https://twitter.com/yoshib0o/status/1772482223033438636
Tue Mar 26 04:34:11 +0000 2024;1772482155131924984;"padahal kayaknya warga perbaikan menobatkan cinema sbg adek queen movie star tAPI huft bukan seleraku, indomie seleraku";0;0;0;0;in;175021096;1772482150777942312;atariwh0;https://twitter.com/atariwh0/status/1772482155131924984
Tue Mar 26 04:33:39 +0000 2024;1772482022134722917;"Gila cuma gara2 Indomie doang sampe tega membunuh orang lain ğŸ˜¤ https://t.co/OGUWaLiUGO";0;3;0;5;in;1712328551515709440;1772482022134722917;KepaArgawinata7;https://twitter.com/KepaArgawinata7/status/1772482022134722917
Tue Mar 26 04:32:08 +0000 2024;1772481640062918878;"@strike_bravo_b Jokowi calonin anaknya aja di bilang dinasti tapi disisi lain mereka pengen orang kek putin sama kim jong un buat merintah indo ğŸ˜…TOLOL BIN IDIOT ğŸ˜…ğŸ˜…";0;0;2;2;in;1704793730069442560;1772480727554388208;AndreTanad49235;https://twitter.com/AndreTanad49235/status/1772481640062918878
Tue Mar 26 04:31:56 +0000 2024;1772481589043429793;"indomie mie aceh lah";0;0;0;0;in;1285819279951097857;1772481589043429793;happytos;https://twitter.com/happytos/status/1772481589043429793
Tue Mar 26 04:27:27 +0000 2024;1772480458795753714;"@inn_sheikh Indomie for saviorğŸ˜‚";0;0;0;0;en;1099621375214526464;1772465087988588865;umar_aliman;https://twitter.com/umar_aliman/status/1772480458795753714
Tue Mar 26 04:26:16 +0000 2024;1772480163143668020;"Nitip list jastipan biar gak lupağŸ˜­  Chocomoryâœ… Cheesecuitâœ… Indomie cabe ijoâœ… Tahu susu lembang";0;1;0;0;in;3292374510;1772468015935770999;aiurskiest;https://twitter.com/aiurskiest/status/1772480163143668020
Tue Mar 26 04:25:05 +0000 2024;1772479864840556617;"ã…¤ TOLONG siapa yang masak indomie goreng di kantor ya? Astaga, benar-benar harus dicari, mana baunya semerbak satu ruangan.  ã…¤";0;2;0;0;in;1427873479727075328;1772479864840556617;cassiopeiagi;https://twitter.com/cassiopeiagi/status/1772479864840556617
Tue Mar 26 04:23:54 +0000 2024;1772479565706715156;"Indomie iPad generation donâ€™t know all this fun! ğŸ˜‚ https://t.co/YB8Vc4XqJS";0;0;0;0;en;327968151;1772479565706715156;don_zizu;https://twitter.com/don_zizu/status/1772479565706715156
Tue Mar 26 04:22:28 +0000 2024;1772479206657827196;"@manusyasyasya Bau indomie semerbak di ruangan";0;1;0;0;in;115919316;1772476922510942387;yossioccy;https://twitter.com/yossioccy/status/1772479206657827196
Tue Mar 26 04:22:09 +0000 2024;1772479126009733629;"Exol makan nasi telor aja dah setahun ini jangan lupa selingi nasi kerupuk ato nasi kecap sekali kali, indomie boleh tp kuahnya jangan di habisin pake lagi buat next makan pake nasi hahahahhahaha";0;0;0;0;in;236799143;1772479126009733629;tantylian;https://twitter.com/tantylian/status/1772479126009733629
Tue Mar 26 04:20:28 +0000 2024;1772478704221823283;"sumpah ya lu, mending mangan indomie tiapari dr pd disepelein orang ğŸ¤£ğŸ¤£ğŸ¤£, miskin tp sombong ya gini ini....";0;0;0;0;in;235054949;1772478704221823283;halotitaa;https://twitter.com/halotitaa/status/1772478704221823283
Tue Mar 26 04:20:24 +0000 2024;1772478687478157637;"@BOREDonSOLANA @arshyyy___  @Indomie_Boy   2VEQLoMUaMuJPpMhjW1vc8QGCmm3r3o3sw51pRHx6XWQ";0;0;0;0;pl;1126466184344494081;1772446486627819826;nayo009;https://twitter.com/nayo009/status/1772478687478157637
Tue Mar 26 04:19:49 +0000 2024;1772478540195250361;"@orencjy ï¸ï¸ ï¸ï¸ ï¸ï¸ Kemarin selepas lihat itu, refleks langsung ke dapur buat bikin indomie juga. Kacau, nikmat betul. ï¸ï¸ ï¸ï¸ ï¸ï¸";0;0;0;0;in;905322340359168000;1772313332344656033;Roendoek;https://twitter.com/Roendoek/status/1772478540195250361
Tue Mar 26 04:19:19 +0000 2024;1772478414303420679;"@m4retha Indomie";0;0;0;0;it;361630934;1772113608224497728;extra_Jes;https://twitter.com/extra_Jes/status/1772478414303420679
Tue Mar 26 04:19:00 +0000 2024;1772478332703289386;"saur indomie kuah adalah sebuah kesalahan";0;0;0;0;in;1251040378511220736;1772478332703289386;zxmaverick_;https://twitter.com/zxmaverick_/status/1772478332703289386
Tue Mar 26 04:18:24 +0000 2024;1772478182211412335;"@Ishow_leck @DanielRegha This one na indomie generation pikin ooo Davido bigger than P. Square?? Thunder..........";0;0;0;0;en;2573908714;1772258105197302095;dafomsimon;https://twitter.com/dafomsimon/status/1772478182211412335
Tue Mar 26 04:18:08 +0000 2024;1772478114318143664;"- balon airsus porsche cayenne bisa diganti pake punya vw touareg - bangchan jadi jombi di MV like ooh ahh - di beberapa daerah, indomie punya rasa khas &amp  belom tentu dijual di daerah lain - hampir 3 tahun coverage 5G telkomsel ga nambah2 - kalo twin kembar 2, kalo twain kembar 3";0;0;0;0;in;36054104;1772478114318143664;r_mrld;https://twitter.com/r_mrld/status/1772478114318143664
Tue Mar 26 04:18:04 +0000 2024;1772478100070113752;"@ithanzhen iyaaa, klo nangisnya smbil bikin indomieğŸ˜";0;1;0;0;in;1713337133669535744;1772477506982932701;shnyuniverse;https://twitter.com/shnyuniverse/status/1772478100070113752
Tue Mar 26 04:17:18 +0000 2024;1772477907463512501;"@Aaliyah_Lillli Ate indomie Wanted to fry egg Found out no ororo again ğŸ˜­ğŸ˜­ And I mixed the egg and spices all together";0;2;0;0;en;1423655673758322694;1772475399684895125;Techton66;https://twitter.com/Techton66/status/1772477907463512501
Tue Mar 26 04:17:00 +0000 2024;1772477828535144803;"sehri with raw indomie, walk with me";4;5;0;3;en;1438901190620852232;1772477828535144803;abdurraheem_ii;https://twitter.com/abdurraheem_ii/status/1772477828535144803
Tue Mar 26 04:15:20 +0000 2024;1772477411189199351;"@Al_ameenX A nemo indomie kawaii";0;0;0;0;it;1516318150341574658;1772474407451001024;SDanmande;https://twitter.com/SDanmande/status/1772477411189199351
Tue Mar 26 04:13:15 +0000 2024;1772476884728557966;"@sosmedkeras Indomie https://t.co/jkdY7cVM1b";0;0;0;0;it;1134890544528744448;1772272044312314055;firtayesha;https://twitter.com/firtayesha/status/1772476884728557966
Tue Mar 26 04:12:17 +0000 2024;1772476645422539164;"@Twt_dr_je kudunya pakai indomie tori miso ramen je, seruput kuahnya cukup menambah kalori minimal sampai jam 14.00 ğŸ˜€";0;0;0;0;in;235192946;1772192350808465805;Ari_RI1;https://twitter.com/Ari_RI1/status/1772476645422539164
Tue Mar 26 04:11:52 +0000 2024;1772476540099420384;"@flawlssssss @Nurkiman2 @marioledesman @ramsezrr @TxtdariHI Gak ada kaitannya ama 02 jir. Gitu aja sensitif.";0;0;0;0;in;1035149384378281987;1772292171283988581;zane020;https://twitter.com/zane020/status/1772476540099420384
Tue Mar 26 04:11:38 +0000 2024;1772476478824800696;"Kamu kalo mendadak bisa kan  tolong cl ku yg gantengâ€ kan aku butuh prepare gakaya indomie instan gitu ğŸ˜­ minimal  2  jam  lah  gitu  buat  siapsiap  kalo  buruburu  juga  gasiap  beb  ğŸ™ğŸ»ğŸ™ğŸ»ğŸ™ğŸ»ğŸ˜­ğŸ˜­";0;0;0;0;in;1655938516281614337;1772476478824800696;jejes_____;https://twitter.com/jejes_____/status/1772476478824800696
Tue Mar 26 04:11:26 +0000 2024;1772476431240409102;"demi apapun aing tolol banget kan aku beli indomie goreng aceh, TRUS GA DI CEK ANJG PAS SAMPE KOSAN BARU LIAT KALO BUNGKUS NYA DAH RUSAK, MINYAK NYA UDAH BUCAT kek asuuuu bukan masalah duitnya TAPI INI MIE GORENG ACEH ANJGGGG RUGIIIIIII AH KENAPA SI GA DICEK DULU BODOH";0;0;0;0;in;1693270430700965888;1772476431240409102;agnesxlsx;https://twitter.com/agnesxlsx/status/1772476431240409102
Tue Mar 26 04:11:17 +0000 2024;1772476390387937361;"@calderazhr @Nurkiman2 @TxtdariHI â€œTidak ada makan siang yang gratisâ€ merupakan ungkapan menggambarkan bahwa hal-hal yang tampak gratis selalu memiliki biaya yang harus dibayar oleh seseorang.  Atau bahwa tidak ada sesuatu pun dalam hidup yang benar-benar gratis.";0;0;0;1;in;1035149384378281987;1772292171283988581;zane020;https://twitter.com/zane020/status/1772476390387937361
Tue Mar 26 04:09:29 +0000 2024;1772475937617063999;"@jah_boy01 Indomie and mili veteran";0;0;0;0;it;1723668560625410048;1772474360193782134;when_me80149;https://twitter.com/when_me80149/status/1772475937617063999
Tue Mar 26 04:08:18 +0000 2024;1772475639854956690;"Kayi sahoor da indomie Kuma kana Yi wa Wanda ya makara dariya baka da hankali ne https://t.co/FQR2b6dVoY";1;1;1;3;in;1736872170028941312;1772475639854956690;abuabdullah3232;https://twitter.com/abuabdullah3232/status/1772475639854956690
Tue Mar 26 04:07:49 +0000 2024;1772475519277092966;"Two small indomie.";0;0;0;0;en;996617168;1772475519277092966;Sadyq_;https://twitter.com/Sadyq_/status/1772475519277092966
Tue Mar 26 04:07:25 +0000 2024;1772475418471178380;"@luvchilatte indomie sama es teh chi ğŸ¤¤ğŸ¤¤";0;1;0;0;in;1643460425227583488;1772457673138594193;gyubeanz_;https://twitter.com/gyubeanz_/status/1772475418471178380
Tue Mar 26 04:05:51 +0000 2024;1772475026320576513;"indomie ayam bawang KESUKAAN BANGEEEET INI";0;0;0;0;in;1617102324736094213;1772475026320576513;yoijngwon;https://twitter.com/yoijngwon/status/1772475026320576513
Tue Mar 26 04:04:02 +0000 2024;1772474569070137658;"GUYSS APAKAH INDOMIE KEBULI ENAKK? better kebuli or aceh?? https://t.co/lENS79jBRJ";0;8;0;1;in;1395007694306570243;1772474569070137658;sovndOfsiren;https://twitter.com/sovndOfsiren/status/1772474569070137658
Tue Mar 26 04:04:02 +0000 2024;1772474565651833339;"@2605notes mending indomie biasa";0;0;0;0;in;1347055908124168193;1772328082688622755;mmksdasw;https://twitter.com/mmksdasw/status/1772474565651833339
Tue Mar 26 04:03:45 +0000 2024;1772474494386344233;"@fuckdraz tried indomie for the first time this week it was so tasty";0;0;0;1;en;239208093;1771750674293739636;echocanidae;https://twitter.com/echocanidae/status/1772474494386344233
Tue Mar 26 04:02:27 +0000 2024;1772474169831178746;"@dedeuxpas NO INDOMIE IS DISGUSTING ğŸ˜­";0;1;0;0;en;1513491907212623875;1772437060600709181;ninicls;https://twitter.com/ninicls/status/1772474169831178746
Tue Mar 26 04:02:18 +0000 2024;1772474132669567288;"@the_smallie Indomie";0;0;0;0;it;1223292371053531137;1772466192726261981;Khaffie5;https://twitter.com/Khaffie5/status/1772474132669567288
Tue Mar 26 04:01:18 +0000 2024;1772473880893903249;"@wyfutoo YOU ALREADY KNOW IT THE GOAT INDOMIE";0;0;0;1;en;1126674457337032704;1772432646003474515;Thtguydownthest;https://twitter.com/Thtguydownthest/status/1772473880893903249
Tue Mar 26 04:01:02 +0000 2024;1772473814116422011;"@tanyarlfes awokawok mampus, tanggung sendiri";0;0;0;0;in;2923688401;1772463616932905108;xxnurulhs;https://twitter.com/xxnurulhs/status/1772473814116422011
Tue Mar 26 04:00:48 +0000 2024;1772473754276278632;"si anj masak indomie di siang bolong gini, bau nya sampe ke kamar gue njir mana nusuk banget lagi di idung";0;0;0;0;in;1598901494061072386;1772473754276278632;belovedsooyaaa;https://twitter.com/belovedsooyaaa/status/1772473754276278632
Tue Mar 26 03:58:39 +0000 2024;1772473213097771447;"lucu banget komunitas konser sekarang lagi full open jastip makanan ğŸ˜­ ada yg mau wtt Indomie beda pulau juga";0;0;0;0;in;1046807754;1772473213097771447;fsstival;https://twitter.com/fsstival/status/1772473213097771447
Tue Mar 26 03:57:27 +0000 2024;1772472908817793256;"@caratstalk First bias Jeonghan, tapi malah nambah Hoshi waktu pertama kali liat dia di be the sun mana baru sadar fancam nya kebanyakan Hoshi daripada JeonghanğŸ˜­ğŸ˜­ğŸ˜­ğŸ™";0;0;0;0;in;1318728292963241984;1772450971429282119;_indomie_;https://twitter.com/_indomie_/status/1772472908817793256
Tue Mar 26 03:56:58 +0000 2024;1772472790672646590;"Ta kira ni wai yau da indomie zatayi sahur nace ta hakura kawai, ai azumin bai zama dole a kanta ba ğŸ˜… ğŸ¥± https://t.co/1rR9qqUf2V";0;0;1;8;in;902284618828742660;1772472790672646590;Ameesh__;https://twitter.com/Ameesh__/status/1772472790672646590
Tue Mar 26 03:56:45 +0000 2024;1772472733684625413;"indon fact, sebulan sekali pasti ngidam indomie";0;0;0;2;in;1330920496674738180;1772472733684625413;oogasm99;https://twitter.com/oogasm99/status/1772472733684625413
Tue Mar 26 03:53:39 +0000 2024;1772471953019850805;"Indomie stand keh? You people are bold o";0;0;0;0;en;994343225853915142;1772471953019850805;Tommyhans_;https://twitter.com/Tommyhans_/status/1772471953019850805
Tue Mar 26 03:52:33 +0000 2024;1772471676837519718;"di rumah bareng almarhum bokap sambil makan indomie rebus";0;0;0;0;in;3645595032;1772471676837519718;dzakdelarocha;https://twitter.com/dzakdelarocha/status/1772471676837519718
Tue Mar 26 03:50:46 +0000 2024;1772471229682757916;"@abdulltoro Indomie is no different";0;0;0;1;en;1116540999369744386;1772468267778490505;Babangiida1;https://twitter.com/Babangiida1/status/1772471229682757916
Tue Mar 26 03:50:22 +0000 2024;1772471128335745439;"Orek tempe, mie ayam, sate, karedok, dan tentu saja INDOMIE";0;0;0;0;in;919883041228472320;1772471128335745439;Kaiforsoo__;https://twitter.com/Kaiforsoo__/status/1772471128335745439
Tue Mar 26 03:50:13 +0000 2024;1772471091006521565;"@DaraNasution__ Oppenheimer told us so";0;0;0;0;no;63037426;1772107053148012860;arah_hadi;https://twitter.com/arah_hadi/status/1772471091006521565
Tue Mar 26 03:49:51 +0000 2024;1772470998014583043;"@Sabinus1_ Because of indomie and bag of riceğŸ˜‚";0;0;0;0;en;1550168651449438210;1772408205953380364;CYRIL_O1;https://twitter.com/CYRIL_O1/status/1772470998014583043
Tue Mar 26 03:49:10 +0000 2024;1772470826098479358;"kapan ya aku terakhir kali makan indomie";0;0;0;0;in;470219932;1772470826098479358;rararaloseu;https://twitter.com/rararaloseu/status/1772470826098479358
Tue Mar 26 03:48:40 +0000 2024;1772470702072815855;"@consernx iya indomie goreng";0;1;0;0;in;1656944066230382592;1772464006319509652;urfavvkin;https://twitter.com/urfavvkin/status/1772470702072815855
Tue Mar 26 03:47:30 +0000 2024;1772470406030512552;"@sosmedkeras indomie";0;0;0;0;it;1449309933833310208;1772272044312314055;kejupalingenak;https://twitter.com/kejupalingenak/status/1772470406030512552
Tue Mar 26 03:47:20 +0000 2024;1772470363013718246;"Ada yg jual bumbu indomie goreng gasih, bumbunya aja";0;0;0;0;in;1245902547329548288;1772470363013718246;himerala;https://twitter.com/himerala/status/1772470363013718246
Tue Mar 26 03:47:10 +0000 2024;1772470322001793472;"IM BACK, AND I COOKED INDOMIE MORE TIERING TODAY omg my hand hurts already but we got this.. aaaaaa https://t.co/dHAzCPDztG";0;0;0;2;en;1336145668025552897;1772470322001793472;GuthyTheOwl;https://twitter.com/GuthyTheOwl/status/1772470322001793472
Tue Mar 26 03:46:48 +0000 2024;1772470231635538344;"@kookieyeahh Sini aku bisikin "mie sukses isi 2 yang ayam kremes". Aku team makan indomie ga cukup sebungkus soalnyaaa ğŸ˜­";0;1;0;0;in;2336059226;1772456703063101871;GeoJk97;https://twitter.com/GeoJk97/status/1772470231635538344
Tue Mar 26 03:45:52 +0000 2024;1772469994288246869;"@Babangiida1 Me wey don finish dey chop my indomie Na only you go waka go oo";0;1;0;1;en;1206662405587120134;1772468267778490505;abdulltoro;https://twitter.com/abdulltoro/status/1772469994288246869
Tue Mar 26 03:43:41 +0000 2024;1772469448001163360;"@yoxicha ku bagi indomie aja ya";0;1;0;0;in;1424365612126511109;1772455571834175629;yoshib0o;https://twitter.com/yoshib0o/status/1772469448001163360
Tue Mar 26 03:43:35 +0000 2024;1772469422910771424;"@sosmedkeras INDOMIE, BAKSO";0;0;0;0;in;1532252490523381760;1772272044312314055;zaynkhalifah;https://twitter.com/zaynkhalifah/status/1772469422910771424
Tue Mar 26 03:38:47 +0000 2024;1772468213898449344;"Mass aku tunggu di rumah ya udah aku masakin rendang,,soto,,kari ayam,,baso,,dll bnyk bgt aku masak cm dlm bentuk indomieğŸ˜­ğŸ™ğŸ¼";0;0;0;0;in;1705799139467120640;1772468213898449344;Rita_NT30;https://twitter.com/Rita_NT30/status/1772468213898449344
Tue Mar 26 03:38:31 +0000 2024;1772468145921413164;"@opositeExe @robe_718 Yu 7 light chinese torpedo kita pake yang punya china";0;0;0;0;tl;1704793730069442560;1772224062548509123;AndreTanad49235;https://twitter.com/AndreTanad49235/status/1772468145921413164
Tue Mar 26 03:36:59 +0000 2024;1772467760632606743;"@sahgoro indomie rendang";0;1;0;0;in;1509361815305990144;1772428824384327926;hutaojakarta;https://twitter.com/hutaojakarta/status/1772467760632606743
Tue Mar 26 03:36:24 +0000 2024;1772467614448595298;"@FKRSM_ Indomie welut ala sashimi";0;0;0;0;in;1044605214412562432;1772466493550133679;ndrypd;https://twitter.com/ndrypd/status/1772467614448595298
Tue Mar 26 03:35:03 +0000 2024;1772467273711726828;"@the_smallie Indomie";0;0;0;0;it;1181663156181049345;1772466192726261981;MujeebJamal1;https://twitter.com/MujeebJamal1/status/1772467273711726828
Tue Mar 26 03:34:52 +0000 2024;1772467228786458874;"@ndrypd ngilang habis makan indomie topping ban";0;1;0;0;in;844486463844564992;1772466493550133679;FKRSM_;https://twitter.com/FKRSM_/status/1772467228786458874
Tue Mar 26 03:33:29 +0000 2024;1772466877349892419;"@sosmedkeras Indomie seleramu";0;0;0;0;in;1652246276;1772272044312314055;MMardiansyaah;https://twitter.com/MMardiansyaah/status/1772466877349892419
Tue Mar 26 03:32:59 +0000 2024;1772466753789886612;"@sosmedkeras indomie";0;0;0;0;it;1348060820;1772272044312314055;notfound__c;https://twitter.com/notfound__c/status/1772466753789886612
Tue Mar 26 03:32:04 +0000 2024;1772466521521942598;"tu komunitas satu ada ada bae woylaağŸ˜­ğŸ˜­ yang rental motor, yang wtt indomieğŸ˜­ğŸ™";0;0;0;0;in;1540460569588690944;1772466521521942598;natadekyukyu;https://twitter.com/natadekyukyu/status/1772466521521942598
Tue Mar 26 03:30:25 +0000 2024;1772466107573543039;"@gasukamain_twit indomieğŸ˜µ";0;1;0;0;it;1140257571179122688;1772462430011990376;termnies;https://twitter.com/termnies/status/1772466107573543039
Tue Mar 26 03:29:23 +0000 2024;1772465847547642074;"I've been bodo amat on kelakuan orang2 dan dibawa lucu aja but hasyakila ngaku nyetir sambil mabok tanpa rasa bersalah is another level of crime";0;0;0;0;in;894382548125495296;1772465847547642074;indomie_mantab;https://twitter.com/indomie_mantab/status/1772465847547642074
Tue Mar 26 03:26:22 +0000 2024;1772465086617030895;"@kolonigigs_ Rawon, tahu campur, tahu tek, soto lamongan, ote ote, kupang, indomie wma, es bango, gudey friz, es teh solo, ayam bakar kecubung,  nogosari, lumpia bleddossss";0;0;0;0;in;1054553276375416832;1772208226723102801;asadur_rf;https://twitter.com/asadur_rf/status/1772465086617030895
Tue Mar 26 03:26:15 +0000 2024;1772465058242548020;"Jog ada yg pernah beli Indomie rasa kebuli? Kemarin nyari di Superindo Godean ga ada :(";0;2;0;0;in;420821783;1772465058242548020;jogmfs;https://twitter.com/jogmfs/status/1772465058242548020
Tue Mar 26 03:25:53 +0000 2024;1772464968492888511;"SIAPA YANG MASAK INDOMIE JAM SEGINI ANJIIR??????";0;0;0;0;in;1187584153165807617;1772464968492888511;mapriezaa;https://twitter.com/mapriezaa/status/1772464968492888511
Tue Mar 26 03:25:02 +0000 2024;1772464752297431504;"@sosmedkeras indomie, dimsum, pempek ğŸ¤¤ğŸ¤¤ğŸ¤¤";0;0;0;0;in;1496126897159557127;1772272044312314055;seastiznn;https://twitter.com/seastiznn/status/1772464752297431504
Tue Mar 26 03:22:04 +0000 2024;1772464006319509652;"hh pengen indomie gak sih";0;18;0;0;in;1758090589520924672;1772464006319509652;consernx;https://twitter.com/consernx/status/1772464006319509652
Tue Mar 26 03:21:12 +0000 2024;1772463789255929859;"@dittameliaa Aku mau makan Indomie goreng aja kak.";0;0;0;0;in;183916586;1772463469238895006;alialsanjani;https://twitter.com/alialsanjani/status/1772463789255929859
Tue Mar 26 03:21:12 +0000 2024;1772463787943031048;"@tadgh_munich @princeofangelos Bjir indomie lagi yg kena wkwk";0;1;0;0;in;502836749;1772258657834774951;BantalKeras;https://twitter.com/BantalKeras/status/1772463787943031048
Tue Mar 26 03:20:57 +0000 2024;1772463725707944198;"@areiscy indomie lah";0;0;0;0;in;287202255;1772355837547192775;flyinstarboy;https://twitter.com/flyinstarboy/status/1772463725707944198
Tue Mar 26 03:20:34 +0000 2024;1772463627959771195;"@CutSarina5 @prabowo Masa dom prabowo dah di berentiin ga si";0;0;0;0;in;1704793730069442560;1772174704402366473;AndreTanad49235;https://twitter.com/AndreTanad49235/status/1772463627959771195
Tue Mar 26 03:20:08 +0000 2024;1772463518488342979;"Indomie goreng pake cabe seliweran di timeline-ku semoga Rizky liat tweet ini";0;0;0;0;in;1585250603919609856;1772463518488342979;kumiskucying;https://twitter.com/kumiskucying/status/1772463518488342979
Tue Mar 26 03:17:25 +0000 2024;1772462833965367463;"@DanielleMarshID @yslbeauty Indomie  DANIELLE SHINES AT YSLBeauty #DANIELLExYSLBeauty #YSLLoveshineFactory @yslbeauty";0;0;0;0;fr;1627755734669869058;1772325794246701078;nalroussu;https://twitter.com/nalroussu/status/1772462833965367463
Tue Mar 26 03:16:35 +0000 2024;1772462627882442920;"Indomie solved African food problem.  The one who market it there was an Indonesian-Indian man, born in Malang, East Java (this is also the reason why Nigerians think Indomie is from India).";0;0;2;2;en;705177234;1772462627882442920;reinhardsanden;https://twitter.com/reinhardsanden/status/1772462627882442920
Tue Mar 26 03:15:42 +0000 2024;1772462403013247431;"kalo kata Pak Bowo, batasan antara cinta dan benci itu setipis tisu";0;0;0;0;in;1298571330422358017;1772462403013247431;IndomieLover_;https://twitter.com/IndomieLover_/status/1772462403013247431
Tue Mar 26 03:14:31 +0000 2024;1772462106253701168;"Dunhill hitam adalah rokok para goodboy wkwkk";0;0;0;0;in;1633476949;1772462106253701168;Mochamad_arif20;https://twitter.com/Mochamad_arif20/status/1772462106253701168
Tue Mar 26 03:13:06 +0000 2024;1772461749402280067;"pagi pagi udah kek kontoool aja";0;0;0;0;in;404614265;1772461749402280067;indomie_girl;https://twitter.com/indomie_girl/status/1772461749402280067
Tue Mar 26 03:11:06 +0000 2024;1772461246907892063;"jujur seru banget banget!! yang gabut mending ke sini soalnya lagi ada diskon 50% di jam 14.30 - 17.00  2,5 jam kita dapet 7 tempat dan bisa bawa pulang indomie, cookies, kertas gambar, sim centil lol, sama gelang!";0;0;0;0;in;1448394847;1772460514007724044;silverrmixt;https://twitter.com/silverrmixt/status/1772461246907892063
Tue Mar 26 03:10:59 +0000 2024;1772461215022727418;"ğŸŒ·Who are the 5 richest billionaires in Indonesia in 2024?   Net worths, ranked: from cigarette fortune heirs Hartono brothers to timber magnate Prajogo Pangestu and â€˜Indomie Kingâ€™ Anthoni Salim. https://t.co/C3n3XYT9Sh";0;0;0;0;en;60445408;1772461215022727418;Rapa224;https://twitter.com/Rapa224/status/1772461215022727418
Tue Mar 26 03:10:51 +0000 2024;1772461182248488965;"@miyachin61 indomie rendang";0;0;0;0;in;1509361815305990144;1772428824384327926;hutaojakarta;https://twitter.com/hutaojakarta/status/1772461182248488965
Tue Mar 26 03:09:22 +0000 2024;1772460808510828975;"@cFrieren indomie rendang";0;0;0;0;in;1509361815305990144;1772428824384327926;hutaojakarta;https://twitter.com/hutaojakarta/status/1772460808510828975
Tue Mar 26 03:09:12 +0000 2024;1772460768157454348;"Indomie goreng + telur. Bisa makan tiap hari tapi gak sehat";0;0;0;0;in;169765371;1772460768157454348;monamouraerien;https://twitter.com/monamouraerien/status/1772460768157454348
Tue Mar 26 03:08:09 +0000 2024;1772460503081562483;"emang umur gaada yang tau. padahal tadi pagi kita sahur bareng, tiba tiba jam 9 lu udah makan indomie:'";0;0;0;0;in;1662353859447238657;1772460503081562483;kyyarestaa;https://twitter.com/kyyarestaa/status/1772460503081562483
Tue Mar 26 03:06:57 +0000 2024;1772460202517807562;"@Claudio_sigit Tapi klo ikn di stop sekrang pun dah agak telat banyak bangunan yang dah jadi jadi mau diapain bangunannya ? Di jadiin hambalang v2.0 sama tempat pesugihan ? Plus kcic dah jadi mau dipensiunkan tu kereta ?";0;1;0;1;in;1704793730069442560;1772436570886242490;AndreTanad49235;https://twitter.com/AndreTanad49235/status/1772460202517807562
Tue Mar 26 03:06:43 +0000 2024;1772460142920896779;"@sosmedkeras jelas indomie";0;0;0;0;in;292886169;1772272044312314055;QqiNasution;https://twitter.com/QqiNasution/status/1772460142920896779
Tue Mar 26 03:05:24 +0000 2024;1772459809821843647;"@VeronicaKoman Jujur bukan apa ya tapi gw liat sendiri orang papua itu di rasisin di luar papua teman sekampus gw aja di salah satu kota di jawa murid papua di beri julukan monyet ireng sama sekelas di bully jugak jadi ga heran mereka merasa di anak tirikan";0;0;0;0;in;1704793730069442560;1772199116803645709;AndreTanad49235;https://twitter.com/AndreTanad49235/status/1772459809821843647
Tue Mar 26 03:04:18 +0000 2024;1772459536705548493;"@EdySujatmiko5 @VeronicaKoman Jadi harus tunduk pada indonesia ga boleh merdeka ?";0;0;0;0;in;1704793730069442560;1772199116803645709;AndreTanad49235;https://twitter.com/AndreTanad49235/status/1772459536705548493
Tue Mar 26 03:03:39 +0000 2024;1772459369961050613;"@taerpoteque @bananak00kie boleh!! seru juga jawa sumatera sulawesi nnt battle tp kayaknya indomie jawa akan kalahğŸ‘";0;0;0;0;in;1206249110098960384;1772436264135835655;minie__min;https://twitter.com/minie__min/status/1772459369961050613
Tue Mar 26 03:03:21 +0000 2024;1772459296850051478;"@mippo_hippo because me and my friend had a joint account we name after indomie (which is noodles here in indonesia) and to differentiate us i went by goreng and they went by kuah (which are the 2 types of indomie)";0;1;0;0;en;1659781924330823682;1772179524261642293;coolkid0702;https://twitter.com/coolkid0702/status/1772459296850051478
Tue Mar 26 03:02:24 +0000 2024;1772459057091129430;"@RandomWorldWar Maaf min RPD sama SKS ada ikut ww2 kata wikipedia";0;0;0;0;in;1704793730069442560;1772443631762411546;AndreTanad49235;https://twitter.com/AndreTanad49235/status/1772459057091129430
Tue Mar 26 03:02:12 +0000 2024;1772459007564714334;"@bananak00kie @minie__min Indomie sulawesi berani di adu";0;1;0;0;in;1549236275575930880;1772436264135835655;taerpoteque;https://twitter.com/taerpoteque/status/1772459007564714334
Tue Mar 26 02:54:07 +0000 2024;1772456974115807329;"@elemext puisi indomie oleh gama elemext";0;0;0;0;in;1751108525810683904;1772454686718673234;nourisvh;https://twitter.com/nourisvh/status/1772456974115807329
Tue Mar 26 02:53:21 +0000 2024;1772456779961561123;"pengen indomie goreng makasar juga :((";0;0;0;0;in;1417558634083487745;1772456779961561123;joengwooya;https://twitter.com/joengwooya/status/1772456779961561123
Tue Mar 26 02:52:33 +0000 2024;1772456577959649772;"@Indomielovers min, tapi di lidah gue rasanya malah kayak sate padang deh?ğŸ˜­ğŸ˜­ cuma ada hint dikit dikit rasa nasi kebulinyaa. tapi ini enak sihâ™¡â™¡. anw min, balikin indomie sop buntut &amp  cabe ijo dongğŸ¥ºğŸ¥ºğŸ˜”";0;0;0;0;in;1648186810496065542;1768671901646516262;zephymei;https://twitter.com/zephymei/status/1772456577959649772
Tue Mar 26 02:51:56 +0000 2024;1772456423563141393;"@L10850243 Hanya orang idiot yang masih percaya sama SIDRA. CUMA .. PI = KING OF ALL CRYPTO  LoL ğŸ˜";0;0;0;0;in;117957488;1772096231831126522;a3j4s7;https://twitter.com/a3j4s7/status/1772456423563141393
Tue Mar 26 02:49:51 +0000 2024;1772455896976605663;"mungkin kita ber-20an org jg bs begini kalo gaada kejadian tipu menipuğŸ—¿";0;0;0;0;in;1533833342390394882;1772455896976605663;banyakbawang;https://twitter.com/banyakbawang/status/1772455896976605663
Tue Mar 26 02:48:34 +0000 2024;1772455576041058587;"@LarasBambang Nah iyo iku mantep soale iki ae aku ongkir e 50ewu dewe wkwkwk makane lek tuku sitik rugi HAHAHAH";0;0;0;0;in;62507711;1772298653417308558;IndomieDonat;https://twitter.com/IndomieDonat/status/1772455576041058587
Tue Mar 26 02:47:59 +0000 2024;1772455429089464786;"@AfiaaSays We both like Indomie and we both paint.. wohooğŸ¥³";0;1;0;0;en;1702670741592801280;1772325958634078558;_strobberi;https://twitter.com/_strobberi/status/1772455429089464786
Tue Mar 26 02:47:37 +0000 2024;1772455337016078572;"@butterscooths ya allah pagi" bgt indomie ğŸ¤£";0;0;0;0;in;1026001102779559938;1772449483285999678;rasyaaaashhhh;https://twitter.com/rasyaaaashhhh/status/1772455337016078572
Tue Mar 26 02:46:33 +0000 2024;1772455066286309752;"@papirucika Tradee indomie ğŸ˜­ğŸ˜­ğŸ˜­";0;1;0;0;it;2498164266;1772453072175849775;jaehyuwkie;https://twitter.com/jaehyuwkie/status/1772455066286309752
Tue Mar 26 02:46:20 +0000 2024;1772455015208083964;"@sosmedkeras indomie lah";0;0;0;0;in;1079434183;1772272044312314055;attentiioonn;https://twitter.com/attentiioonn/status/1772455015208083964
Tue Mar 26 02:42:05 +0000 2024;1772453944620433596;"Ni mereka gatau ya apa daerah deltamas isinya kek apa? Gaji segede gede gaban, monyettt. Aeon dibangun di situ ya karena dah tau target marketingnya sp. Sok bgt ajg komennya, makan indomie msh pake nasi aja belagak bener, tai.";0;0;0;0;in;1381736950604779522;1772453944620433596;cutiezeeya;https://twitter.com/cutiezeeya/status/1772453944620433596
Tue Mar 26 02:40:12 +0000 2024;1772453470580199802;"@sosmedkeras udang, indomie goreng";0;0;0;0;in;119292507;1772272044312314055;ladileedya;https://twitter.com/ladileedya/status/1772453470580199802
Tue Mar 26 02:39:53 +0000 2024;1772453392155099577;"@sosmedkeras mie goreng indomie â˜ğŸ»";0;0;0;0;in;1666407713914617858;1772272044312314055;sointyou;https://twitter.com/sointyou/status/1772453392155099577
Tue Mar 26 02:38:48 +0000 2024;1772453119315628530;"@rasyaaaashhhh indomie";0;1;0;0;it;1258983219426279426;1772449483285999678;butterscooths;https://twitter.com/butterscooths/status/1772453119315628530
Tue Mar 26 02:38:41 +0000 2024;1772453088818757988;"@sosmedkeras Indomie Goreng";0;0;0;0;in;1464614010;1772272044312314055;fash_Han;https://twitter.com/fash_Han/status/1772453088818757988
Tue Mar 26 02:38:26 +0000 2024;1772453025325384030;"najong jam segini udah mokel make indomie goreng, setidaknya siang bolong lahh";0;1;0;0;in;1080275647581179905;1772453025325384030;rrubyblack;https://twitter.com/rrubyblack/status/1772453025325384030
Tue Mar 26 02:29:14 +0000 2024;1772450708446462261;"Kan ada tuh yg masak pedes jadi ya akhirnya anaknya akan bisa makan pedes juga. Bahkan Indomie goreng pun sampai sekarang aku ga suka kalau pake sambel dan misal mamaku ga sengaja taruh sambelnya itu berarti buat saudara lain/beliau trs aku dimasakin lagi ğŸ¥¹";0;0;0;0;in;150184087;1772450702184399054;abcd_emmy;https://twitter.com/abcd_emmy/status/1772450708446462261
Tue Mar 26 02:28:08 +0000 2024;1772450434088677749;"so far fav aku yang berry sorbet karna stain nya cakep natural banget ğŸ‘ŒğŸ»  ini habis dipake makan indomie kuah dan emang masih bagus bgt sih stain nya juarakğŸ˜­ğŸ˜­ kalo kalian cari lip-tint tp mau yg coverage nya oke beneran deh cobain feyrely ini.. https://t.co/QafEb89IxS";0;0;0;0;in;391333028;1772450362256973906;angelarissa_;https://twitter.com/angelarissa_/status/1772450434088677749
Tue Mar 26 02:27:51 +0000 2024;1772450362256973906;"INI LIPTINT DOANG TP STAIN NYA JUARA BANGET DEH AWETNYA  lagi coba wear test dan aku makan indomie kuah (video aku input di bawah ya) tapi stain lip-tint ini masih ada banget bahkan warnanya jadi keliatan lebih natural ğŸ˜€  before                                          after https://t.co/b4lYLROS4y";1;10;36;47;in;391333028;1772450362256973906;angelarissa_;https://twitter.com/angelarissa_/status/1772450362256973906
Tue Mar 26 02:26:33 +0000 2024;1772450035902431368;"@LarasBambang Tiktok ras, tp dee ya pengiriman surabaya wkwk frozen ngono. Lengkap sak petis e.";0;1;0;0;in;62507711;1772298653417308558;IndomieDonat;https://twitter.com/IndomieDonat/status/1772450035902431368
Tue Mar 26 02:24:27 +0000 2024;1772449507650707630;"indomie";0;0;0;0;it;1131195774237208576;1772449507650707630;doysberry;https://twitter.com/doysberry/status/1772449507650707630
Tue Mar 26 02:21:42 +0000 2024;1772448815494181172;"NGANTUUJKKKK tp maw mam indomie ayam bawangg hueheueueue";0;0;0;0;in;1303533860613836800;1772448815494181172;rarreu;https://twitter.com/rarreu/status/1772448815494181172
Tue Mar 26 02:17:21 +0000 2024;1772447719149187192;"@sosmedkeras Indomie";0;0;0;0;it;1911767341;1772272044312314055;ryomensatana;https://twitter.com/ryomensatana/status/1772447719149187192
Tue Mar 26 02:15:14 +0000 2024;1772447185906327796;"@tubirfess Gue liat akunnya ternyata jamet. Mls menanggapi";0;0;0;0;in;1161854566918287360;1772276155359621363;heyooo_kocheng;https://twitter.com/heyooo_kocheng/status/1772447185906327796
Tue Mar 26 02:13:55 +0000 2024;1772446855835640003;"kesalahan terbesar saur pake indomie kebuli bzzz aftertastenya ga enak banget aaaakkk masih ada di lidah ampe sekarang ğŸ˜­ğŸ˜­";0;0;0;0;in;1362370967104675840;1772446855835640003;arincang;https://twitter.com/arincang/status/1772446855835640003
Tue Mar 26 02:13:46 +0000 2024;1772446819877806239;"aku sudah naik level dari masak indomie jadi nasi goreng, saatnya memantapkan diri";0;0;0;2;in;1025691423889211392;1772446819877806239;torigunaru;https://twitter.com/torigunaru/status/1772446819877806239
Tue Mar 26 02:13:36 +0000 2024;1772446774214713548;"Produsen Indomie, PT Indofood CBP Sukses Makmur Tbk (ICBP) membukukan laba bersih senilai Rp 6,9 triliun pada tahun 2023. #bisnisupdate #Update #Bisnis #text https://t.co/5jrZMzVL7P";0;1;1;2;in;759692754985242625;1772446774214713548;kumparan;https://twitter.com/kumparan/status/1772446774214713548
Tue Mar 26 02:11:28 +0000 2024;1772446240825119114;"[WANITA] Indomie Instan Sendal jepit cewe cewek sandal murah flip   ğŸ”— : https://t.co/NWamaJTPS2 ğŸ”— : https://t.co/P15t2f7ADD https://t.co/tJ4ZNQrT1o";0;1;0;0;in;2977498537;1772446166271320209;recehantwiter_;https://twitter.com/recehantwiter_/status/1772446240825119114
Tue Mar 26 02:10:43 +0000 2024;1772446050445398018;"ada yang bikin Indomie goreng jam segini ğŸ˜­ğŸ˜­ğŸ˜”";0;0;0;1;in;1716827174618148864;1772446050445398018;boodayy98;https://twitter.com/boodayy98/status/1772446050445398018
Tue Mar 26 02:05:47 +0000 2024;1772444810214813888;"Can we agree on how Indomie just tastes so good ğŸ˜‹";0;0;0;1;en;1208759836877316098;1772444810214813888;KiekoiO;https://twitter.com/KiekoiO/status/1772444810214813888
Tue Mar 26 02:02:32 +0000 2024;1772443990501077033;"@sosmedkeras indomie seleraku";0;0;0;0;in;1162263020187209728;1772272044312314055;diahprnmsri3;https://twitter.com/diahprnmsri3/status/1772443990501077033
Tue Mar 26 02:01:03 +0000 2024;1772443618277552514;"guys kalo aku open jastip indomie goreng bangka sama kemplang khas bangka pada maw ga? gabisa trade soalnya aku pulangnya bulan mei t___t";0;4;0;0;in;1512794987926224896;1772443618277552514;cegiljihoon;https://twitter.com/cegiljihoon/status/1772443618277552514
Tue Mar 26 02:00:55 +0000 2024;1772443584186208704;"ni kata org ya, bukan kata gw bngst";0;0;0;0;in;1012173837440466944;1772443582093246825;indomie__goreng;https://twitter.com/indomie__goreng/status/1772443584186208704
Tue Mar 26 02:00:55 +0000 2024;1772443582093246825;"kata orang "kalau ga bisa lupain orangnya, tinggalin kotanya"";0;1;0;0;in;1012173837440466944;1772443582093246825;indomie__goreng;https://twitter.com/indomie__goreng/status/1772443582093246825
Tue Mar 26 01:59:45 +0000 2024;1772443290043830432;"@sosmedkeras indomie ğŸ«¶ğŸ»";0;0;0;0;it;1405009453158600704;1772272044312314055;talsyhhh;https://twitter.com/talsyhhh/status/1772443290043830432
Tue Mar 26 01:59:14 +0000 2024;1772443160909599099;"@sosmedkeras indomie tori miso ğŸ‘";0;0;0;0;it;2576861481;1772272044312314055;parikesitbregas;https://twitter.com/parikesitbregas/status/1772443160909599099
Tue Mar 26 01:59:01 +0000 2024;1772443107549761863;"seru banget pada wtt indomie ğŸ˜­ğŸ˜­";0;0;0;0;in;1419244157898395650;1772443107549761863;syukiedam;https://twitter.com/syukiedam/status/1772443107549761863
Tue Mar 26 01:54:35 +0000 2024;1772441991504089280;"@channelstv The northern security agencies have to be honest with themselves. I live in South Eastern Nigeria &amp  I know how checkpoints are located at every 500 meters. My question is how many buses did it take to kidnap 300 students? Did they carry them all in matchboxes or Indomie cartons?";0;2;0;4;en;1741225400347320320;1772343935714689139;Fortis1o;https://twitter.com/Fortis1o/status/1772441991504089280
Tue Mar 26 01:54:33 +0000 2024;1772441981324538261;"@tanyarlfes Sushi, ramen, bakso sm indomie!!  Sebenar nya msh banyak lagi sihhh https://t.co/Rgn6jSCgkg";0;0;0;0;in;1311577279932190722;1772206003825852546;xoxoqwrty;https://twitter.com/xoxoqwrty/status/1772441981324538261
Tue Mar 26 01:53:16 +0000 2024;1772441657385922615;"indomie lah, what do you expect it to be?";0;0;0;0;en;390946893;1772441657385922615;txtdaricecao;https://twitter.com/txtdaricecao/status/1772441657385922615
Tue Mar 26 01:50:38 +0000 2024;1772440994304213096;"minimal indomie";0;0;0;0;es;1007226531234496512;1772440994304213096;shookethadmiral;https://twitter.com/shookethadmiral/status/1772440994304213096
Tue Mar 26 01:49:20 +0000 2024;1772440669912526859;"Indomie";0;0;0;1;it;1385729979749593088;1772440669912526859;ricloudynine;https://twitter.com/ricloudynine/status/1772440669912526859
Tue Mar 26 01:46:59 +0000 2024;1772440077185982950;"when u got no other protein option so u mix the indomie with the lumpia https://t.co/1yWw4rzoDj";0;1;0;10;en;4912204932;1772440077185982950;junoavalon;https://twitter.com/junoavalon/status/1772440077185982950
Tue Mar 26 01:46:04 +0000 2024;1772439846029492696;"ngide bgt saur pake indomie, hausnya seharian. biasanya saur cuman pake buah tp lagi kehabisan buah lupa nyetokğŸ¥²";0;0;0;0;in;1439366344139411456;1772439846029492696;pawtebin;https://twitter.com/pawtebin/status/1772439846029492696
Tue Mar 26 01:41:44 +0000 2024;1772438758031343895;"@Emmy_Isty Buat masak indomie gmn caranya?";0;1;0;1;in;120074934;1772426447258628473;MasakTV;https://twitter.com/MasakTV/status/1772438758031343895
Tue Mar 26 01:40:48 +0000 2024;1772438523469025310;"Tadi sahur sama indomie kebuli, aga kaget gue kira ada potongan daging kering pas di makan kok manis eh gatau itu kismisğŸ¥² aga aneh bgt mie pake kisminğŸ˜­ buat gue indomie kebuli kurang enak baunya juga strong bgt kaya rendang gue ga terlalu suka";0;1;0;0;in;1312911260619436032;1772438523469025310;04luvhjw;https://twitter.com/04luvhjw/status/1772438523469025310
Tue Mar 26 01:38:01 +0000 2024;1772437821875229025;"Sahur pake indomie ga recommended, baru jam segini dah laper.";0;1;0;1;in;1537665076060033026;1772437821875229025;mils162;https://twitter.com/mils162/status/1772437821875229025
Tue Mar 26 01:37:43 +0000 2024;1772437745828254133;"@MasakTV Buat masak indomie ..buat tempe mendoan..enak semua. Kalo nemu ini di pasar aku suka stock krn awet di kulkas";0;1;0;0;in;229060076;1772426447258628473;Emmy_Isty;https://twitter.com/Emmy_Isty/status/1772437745828254133
Tue Mar 26 01:36:38 +0000 2024;1772437473630499312;"kangen makan seblak,indomie,bakso,mie ayam dan kawan'ğŸ¥¹";0;1;0;1;in;1519588170039689218;1772437473630499312;xslovhc;https://twitter.com/xslovhc/status/1772437473630499312
Tue Mar 26 01:35:00 +0000 2024;1772437060600709181;"indomie and lebkuchen";0;2;0;2;de;1551067474178715648;1772437060600709181;dedeuxpas;https://twitter.com/dedeuxpas/status/1772437060600709181
Tue Mar 26 01:34:12 +0000 2024;1772436860104511868;"@Rebeccabelinda3 baru kali itu ku makan indomie bibir rasanya melepuhğŸ¤£ğŸ¤£ğŸ¥°";0;1;0;0;in;561894977;1771559310562116086;christinshn;https://twitter.com/christinshn/status/1772436860104511868
Tue Mar 26 01:34:06 +0000 2024;1772436833701408939;"kelas pagi emg kadang kidding";0;0;0;0;in;1472924509233573888;1772436833701408939;frrappucin0;https://twitter.com/frrappucin0/status/1772436833701408939
Tue Mar 26 01:31:50 +0000 2024;1772436264135835655;"Plis kalian harus cobain indomie celor weeeeeei best of the best per-indomie-an ğŸ˜­";0;3;0;0;in;1575291893243838465;1772436264135835655;bananak00kie;https://twitter.com/bananak00kie/status/1772436264135835655
Tue Mar 26 01:30:21 +0000 2024;1772435891593658670;"@sosmedkeras soto, sambel ikan asin, pecel lele, indomie goreng";0;0;0;0;in;898886061727784960;1772272044312314055;whathehelmi;https://twitter.com/whathehelmi/status/1772435891593658670
Tue Mar 26 01:30:09 +0000 2024;1772435839601037649;"gampang diajak susah, mau makan indomie rebus 1 ber2 juga gpp";0;0;0;0;in;1448518594581516288;1772435839601037649;Donghyuckiq;https://twitter.com/Donghyuckiq/status/1772435839601037649
Tue Mar 26 01:25:35 +0000 2024;1772434693989761146;"kelas hari selasa kelas neraka, apa gue izin pulang aja yh terus makan indomie soto";0;1;0;0;in;1598596440837992454;1772434693989761146;sweetnothingys;https://twitter.com/sweetnothingys/status/1772434693989761146
Tue Mar 26 01:25:29 +0000 2024;1772434668316418126;"indomie";0;1;0;0;it;1384662654745149441;1772434668316418126;asleepingbody;https://twitter.com/asleepingbody/status/1772434668316418126
Tue Mar 26 01:24:22 +0000 2024;1772434387096703416;"@dimbreath So, where's our combat leak for today?";0;0;0;0;en;1753736697496621056;1772409824535298188;indomie002;https://twitter.com/indomie002/status/1772434387096703416
Tue Mar 26 01:22:55 +0000 2024;1772434021659660385;"gak salah, tapi gak bener juga ğŸ˜­ğŸ˜­";0;0;0;0;in;404614265;1772434021659660385;indomie_girl;https://twitter.com/indomie_girl/status/1772434021659660385
Tue Mar 26 01:20:07 +0000 2024;1772433317016502351;"@crueleast Indomie kari ayam";0;0;0;0;in;1413472785553182721;1772431049445789729;ddabluery;https://twitter.com/ddabluery/status/1772433317016502351
Tue Mar 26 01:18:11 +0000 2024;1772432829416440000;"Anthoni Salim Full Senyum, Laba Produsen Indomie (ICBP) Melesat 52% jadi Rp6,9 Triliun https://t.co/RMIEhW51qX";0;0;0;2;in;118646322;1772432829416440000;Bisniscom;https://twitter.com/Bisniscom/status/1772432829416440000
Tue Mar 26 01:17:30 +0000 2024;1772432659630690365;"sahur indomie + redbull was not a good idea, I feel like shit";0;0;0;0;en;1540870934151581698;1772432659630690365;caffeindrug;https://twitter.com/caffeindrug/status/1772432659630690365
Tue Mar 26 01:17:25 +0000 2024;1772432636822126878;"Wkwkwkwk terbiasa Indomie goreng kecap, saos, minyak n bumbu, pas makan Indomie goreng glocalization agak tercengang, karena ringan bgt, kurang nampol di aku ğŸ˜­ Abis itu kapok g mau beli lagi, mana harganya mayan bagi aku si kaum mendang-mending, sama 3k, tapi IDR sama KRW, g dl.";0;0;0;0;in;1545848912;1772432636822126878;Titis_kun;https://twitter.com/Titis_kun/status/1772432636822126878
Tue Mar 26 01:16:11 +0000 2024;1772432326443577818;"Karena satop sarapan pagi ini pake indomie jumbo 2";0;0;0;0;in;1272296237035737088;1772432326443577818;Jomond06;https://twitter.com/Jomond06/status/1772432326443577818
Tue Mar 26 01:13:14 +0000 2024;1772431582596378745;"@crueleast indomie ayam geprek";0;0;0;0;in;981437049126445056;1772431049445789729;dekjeonggukie;https://twitter.com/dekjeonggukie/status/1772431582596378745
Tue Mar 26 01:11:03 +0000 2024;1772431034736341345;"We are pleased to announce a partnership with Dufil Prima Foods Plc, makers of Nigeriaâ€™s household Noodles brand-Indomie Instant Noodles @IndomieNigeria to reach families in far rural communities grappling with the harsh economic climate and food inflation.   This donation isâ€¦ https://t.co/8qVLBukJca";0;0;0;2;en;4895459985;1772431034736341345;lagosfoodbank;https://twitter.com/lagosfoodbank/status/1772431034736341345
Tue Mar 26 01:08:45 +0000 2024;1772430456929099948;"day 15 indomie double telur setengah mateng ğŸ˜‹";0;0;0;6;in;2940691843;1767657977417457884;ombakcherry;https://twitter.com/ombakcherry/status/1772430456929099948
Tue Mar 26 01:08:03 +0000 2024;1772430280285946184;"Bakso dan indomie.";0;0;0;0;in;1397920214411407371;1772430280285946184;midnitxe;https://twitter.com/midnitxe/status/1772430280285946184
Tue Mar 26 01:05:37 +0000 2024;1772429668542525860;"@remahanchitato coba aja tp mienya ganti pake mie indomie wkwkkw";0;0;0;0;in;982965735432503296;1772386590972592598;ceriybam;https://twitter.com/ceriybam/status/1772429668542525860
Tue Mar 26 01:02:29 +0000 2024;1772428879648416229;"@na_Uci wkwkkw";0;0;0;0;in;918167918344527872;1772428492627456123;tambahtelordong;https://twitter.com/tambahtelordong/status/1772428879648416229
Tue Mar 26 01:00:57 +0000 2024;1772428492627456123;"pake jurus ghosting ah ğŸ™Š";0;1;0;0;in;918167918344527872;1772428492627456123;tambahtelordong;https://twitter.com/tambahtelordong/status/1772428492627456123
Tue Mar 26 01:00:08 +0000 2024;1772428285659463928;"@2605notes indomie aceh terfav aku";0;0;0;0;in;3288923101;1772328082688622755;cakgondrongss;https://twitter.com/cakgondrongss/status/1772428285659463928
Tue Mar 26 00:59:22 +0000 2024;1772428092381724744;"gw kenal 1 oang yg tiap ketemu di dapur seriiing bgt masak indomie. dulu gw pikir kaya kasian juga yak mungkin beliau ini saving up buat keluarganya di indo makanya frugal living. jadilah gw suka tawarin cicip maknan kalo gw lg masak juga. turns out malem td gw baru tau-";0;2;0;0;in;1215253274590203904;1772428092381724744;mqlikag;https://twitter.com/mqlikag/status/1772428092381724744
Tue Mar 26 00:58:49 +0000 2024;1772427957836902816;"@viilaaaaa @unnesmenfess Spill ka. Please dm";0;0;0;0;en;1280906944572608513;1752468609602109563;indomie3299;https://twitter.com/indomie3299/status/1772427957836902816
Tue Mar 26 00:56:13 +0000 2024;1772427301520634069;"duh kepengen indomie kuah pake cabe rawit pengen banget banget";0;0;0;0;in;1556327409653190656;1772427301520634069;buzzerwoodz;https://twitter.com/buzzerwoodz/status/1772427301520634069
Tue Mar 26 00:55:15 +0000 2024;1772427057852551282;"@yonrecaa Spill di dm ka. Please";0;0;0;0;en;1280906944572608513;1756704648420094193;indomie3299;https://twitter.com/indomie3299/status/1772427057852551282
Tue Mar 26 00:51:07 +0000 2024;1772426019355475977;"Indomie";0;0;0;0;it;2378288262;1772426019355475977;Pororouw125;https://twitter.com/Pororouw125/status/1772426019355475977
Tue Mar 26 00:49:46 +0000 2024;1772425679578988604;"@Amrnths0 Spill ka";0;0;0;0;en;1280906944572608513;1766289528984387612;indomie3299;https://twitter.com/indomie3299/status/1772425679578988604
Tue Mar 26 00:47:28 +0000 2024;1772425100391776715;"@tqdrlaziz Justru day 1 sahur pk indomie wkwk ğŸ˜­";0;0;0;0;in;1650324820402520065;1772413153189540200;nozelth;https://twitter.com/nozelth/status/1772425100391776715
Tue Mar 26 00:44:51 +0000 2024;1772424442875977945;"@unnesmenfess Bole dm dong, yg mau oper/sewa kos bulanan";0;1;0;0;in;1280906944572608513;1771425399781970307;indomie3299;https://twitter.com/indomie3299/status/1772424442875977945
Tue Mar 26 00:43:39 +0000 2024;1772424138629534013;"@Varca_Owner All this indomie generation with a lot of disrespectğŸ¤¦ğŸ»â€â™‚ï¸";0;0;0;0;en;819808104;1772327624603484184;Waynedavid9;https://twitter.com/Waynedavid9/status/1772424138629534013
Tue Mar 26 00:40:40 +0000 2024;1772423387832357093;"@ndialfein_ @txtdrbekasi Wkwk kayanya tangki timbunnya rembes ini sampe air aja masuk";0;0;0;0;in;1132800830682193920;1772280856960229495;asyam_lambunk;https://twitter.com/asyam_lambunk/status/1772423387832357093
Tue Mar 26 00:40:31 +0000 2024;1772423352646312297;"ini mah yang bangunin sahur mas-mas pengangguran.  start nongkrong nenggak miras dari jam 10 malem, lanjut melek sampe jam 2 pagi. Alih-alih bangunin warga sahur~ siangnya mereka pada ngopi+ngunyah indomie di warkop.   Hahahahahahahahhaa kebaca!";0;2;1;9;in;334409857;1772423352646312297;gesgestay;https://twitter.com/gesgestay/status/1772423352646312297
Tue Mar 26 00:38:02 +0000 2024;1772422724075331996;"tried indomie mi goreng for the first time and why is it like actually mid ppl hype it up too much ğŸ˜­ğŸ˜­";0;0;0;1;en;1250254322295656448;1772422724075331996;IKEY0NG;https://twitter.com/IKEY0NG/status/1772422724075331996
Tue Mar 26 00:36:14 +0000 2024;1772422271027548580;"lucu banget trade indomie antar pulau ğŸ˜­";0;0;0;0;in;1708406161651986432;1772422271027548580;pinkyshwn;https://twitter.com/pinkyshwn/status/1772422271027548580
Tue Mar 26 00:35:02 +0000 2024;1772421972271476837;"wtt indomie selain goreng jg bisa woy, soalnya ada mie yg cuma ada di daerah tertentu contohnya ini indomie coto makassar pasti gaada di jawa kanğŸ˜­ https://t.co/LEotgXEq1m";0;2;0;0;in;3159513588;1772421972271476837;almahard_;https://twitter.com/almahard_/status/1772421972271476837
Tue Mar 26 00:34:46 +0000 2024;1772421901643575475;"Indomie";0;0;0;1;it;1597582302418440193;1772421901643575475;RotiManisForU;https://twitter.com/RotiManisForU/status/1772421901643575475
Tue Mar 26 00:29:08 +0000 2024;1772420487269720312;"@aonanuga1956 Not just to cancelled birthday,  Nigerians are hungry,  there is hunger everywhere...how many Nigerians who can buy a bag of rice today , common indomie is for big men and rice common man cannot buy it ..Mr president please do something reasonable before is too late.";0;0;0;0;en;267226771;1772345091148955820;charose13;https://twitter.com/charose13/status/1772420487269720312
Tue Mar 26 00:22:39 +0000 2024;1772418853286342817;"@xblast_app Good";0;0;0;0;en;1325698449078054913;1772365319383798236;Rendika56;https://twitter.com/Rendika56/status/1772418853286342817
Tue Mar 26 00:21:25 +0000 2024;1772418542131908624;"@sosmedkeras seblak,indomie";0;0;0;0;in;1700368314466480128;1772272044312314055;huhshinesz;https://twitter.com/huhshinesz/status/1772418542131908624
Tue Mar 26 00:20:22 +0000 2024;1772418281258786920;"@yoaborlando94 Eeh ada buzzer pemerintah nasionalis travo travo lagi propaganda padahal aslinya mah kelakuan kek binatang di belakang kamera :v";0;0;0;1;in;1704793730069442560;1772211007743734238;AndreTanad49235;https://twitter.com/AndreTanad49235/status/1772418281258786920
Tue Mar 26 00:19:16 +0000 2024;1772418002127901129;"@VeronicaKoman Sabar ci banyak orang kolonial ga terima ğŸ˜…mereka menentang penjajahan tapi di sisi lain mereka melalukan penjajahan itu sendiri sungguh ironis";0;0;0;0;in;1704793730069442560;1772215189250691225;AndreTanad49235;https://twitter.com/AndreTanad49235/status/1772418002127901129
Tue Mar 26 00:17:54 +0000 2024;1772417658937397256;"@rantosilaban12 @VeronicaKoman Lah siapa suruh mereka mau datang dan kolonialisasi papua ? Dan bagaimana dengan pasukan londo yang dulu pejuang indo bunuh gmn istri dan anak mereka di londo ğŸ˜…";0;0;0;1;in;1704793730069442560;1772215189250691225;AndreTanad49235;https://twitter.com/AndreTanad49235/status/1772417658937397256
Tue Mar 26 00:16:42 +0000 2024;1772417355060023673;"@chubybastard @TaufiqSobari Jadi buzzer karena tidak pro nkri di papua ? ğŸ˜…";0;0;0;0;in;1704793730069442560;1772097447818604923;AndreTanad49235;https://twitter.com/AndreTanad49235/status/1772417355060023673
Tue Mar 26 00:15:39 +0000 2024;1772417091779330536;"@EruharuChan @TaufiqSobari Buzzer buzzer papua dah puluhan tahun dah jadi korban integrasi paksa oleh indo demi sda nya masih aja blom puas mau sampek sdanya hbs brsn indo puas kah?";0;0;0;0;in;1704793730069442560;1772097447818604923;AndreTanad49235;https://twitter.com/AndreTanad49235/status/1772417091779330536
Tue Mar 26 00:13:34 +0000 2024;1772416568888086812;"@akubukanako @TaufiqSobari Iyaa gw tw bekas jajahan belanda tapi apa masyarakatnya mau gabung sama indo ga ? Atau jangan jangan perpera hanya akal akalan indo buat maksa intregasi papua ke indo karena tau masyarakatnya msih blm maju sehingga bisa di akal akalin buat diambil sda nya ingat papua tu manusialo";0;0;0;0;in;1704793730069442560;1772097447818604923;AndreTanad49235;https://twitter.com/AndreTanad49235/status/1772416568888086812
Tue Mar 26 00:12:53 +0000 2024;1772416395130630151;"mana tukang indomie";0;0;0;0;in;1287201597534085121;1772416395130630151;bimanwsto1;https://twitter.com/bimanwsto1/status/1772416395130630151
Tue Mar 26 00:12:12 +0000 2024;1772416222958616747;"@akubukanako @TaufiqSobari Lebih terjamin hidup mereka pun klo gabung aussie karena pemerintah mereka sll mensupport dan melihat kebituhan warganya serta keamanan lebih terjamin lah klo ikut indo bisa jadi apa ? Yang ada di miskinkan sama oknum oknum sini ğŸ˜…";0;0;0;0;in;1704793730069442560;1772097447818604923;AndreTanad49235;https://twitter.com/AndreTanad49235/status/1772416222958616747
Tue Mar 26 00:11:19 +0000 2024;1772416004171174174;"@masliil @efenerr Loh beda. Yg kiri bisa sj org iseng ngelapak. Laku syukur gk laku syukur, buktinya toko tidak aktif. Ky org jual indomie di ebay harga stonk, bedanya ini ad yang laku. Open market. Apa salahnya? Semua keputusan ditangan pembeli.";0;0;0;0;in;1285459099153346561;1772154177638236362;_hanifdwi;https://twitter.com/_hanifdwi/status/1772416004171174174
Tue Mar 26 00:10:51 +0000 2024;1772415886273450472;"@AryaPut14305698 @TaufiqSobari Wkwk maaf jadi ikut di bawah indonesia atau jadi bawahan indonesia baru bisa di katakan beradab ? Lagian kek literasi dan sdm indonesia dah hebat kali ğŸ˜…";0;0;0;0;in;1704793730069442560;1772097447818604923;AndreTanad49235;https://twitter.com/AndreTanad49235/status/1772415886273450472
Tue Mar 26 00:10:10 +0000 2024;1772415711660417474;"@GunawanLil48685 @TaufiqSobari @Puspen_TNI Indonesia ini aneh ketika ada akun atau orang yang ga pro pemerintah sama ga pro kebijakan pemerintah pasti selalu di tag ke tentara atau polisi wkwkw";0;0;0;0;in;1704793730069442560;1772097447818604923;AndreTanad49235;https://twitter.com/AndreTanad49235/status/1772415711660417474
Tue Mar 26 00:09:26 +0000 2024;1772415529069748597;"@TaufiqSobari Indonesia ini aneh ketika ada akun atau orang yang ga pro pemerintah sama ga pro kebijakan pemerintah pasti selalu di tag ke tentara atau polisi wkwkw";0;0;0;0;in;1704793730069442560;1772097447818604923;AndreTanad49235;https://twitter.com/AndreTanad49235/status/1772415529069748597
Tue Mar 26 00:08:24 +0000 2024;1772415266330144809;"@yvngl33 Go warm indomie chop boy  Youâ€™re confused";0;1;0;0;en;896765902540111875;1772412412047528119;TheonlyAcquire;https://twitter.com/TheonlyAcquire/status/1772415266330144809
Tue Mar 26 00:08:22 +0000 2024;1772415259170517151;"@kiboss08 @TaufiqSobari Siapa suruh ikut pemerintah imigrasinke papua ? Mereka ini ga ada bedanya dengan sipil londo pas masa penjajahan mau kolonialisasi papua kek dulu londo kolonialisasi indonesia";0;0;0;0;in;1704793730069442560;1772097447818604923;AndreTanad49235;https://twitter.com/AndreTanad49235/status/1772415259170517151
Tue Mar 26 00:07:39 +0000 2024;1772415078710522062;"@femiiiiii_ Go warm Indomie chop";0;0;0;0;en;4756096577;1772402654901043628;zf_mackie;https://twitter.com/zf_mackie/status/1772415078710522062
Tue Mar 26 00:05:17 +0000 2024;1772414485745025465;"@Cheeboozorrhh no go warm indomie chop";0;0;0;0;en;2356329456;1772410779817447512;TheOnlyQuam;https://twitter.com/TheOnlyQuam/status/1772414485745025465
Tue Mar 26 00:00:32 +0000 2024;1772413289160376675;"@sosmedkeras indomie, ayam goreng";0;0;0;1;in;1677642511274348548;1772272044312314055;graz_ic;https://twitter.com/graz_ic/status/1772413289160376675
Mon Mar 25 23:59:44 +0000 2024;1772413087833808980;"@sosmedkeras indomie goreng";0;0;0;0;in;1616999503999152130;1772272044312314055;iouveissue;https://twitter.com/iouveissue/status/1772413087833808980
Mon Mar 25 23:56:18 +0000 2024;1772412221168943179;"Terbyata sahur indomie jam segini udah laper yağŸ˜€";0;0;0;0;in;1733779999872966656;1772412221168943179;blinkplus62;https://twitter.com/blinkplus62/status/1772412221168943179
Mon Mar 25 23:45:08 +0000 2024;1772409411119493363;"@wz111z indomie time ğŸ˜«ğŸ˜«ğŸ˜«";0;1;0;1;en;1654865316646645763;1772408882133913780;notnabby;https://twitter.com/notnabby/status/1772409411119493363
Mon Mar 25 23:42:45 +0000 2024;1772408811854110789;"@convomf kalo berdarahnya sambil makan indomie batal nder";0;0;0;1;in;1184256659536826368;1772396316884090917;physicguro;https://twitter.com/physicguro/status/1772408811854110789
Mon Mar 25 23:42:17 +0000 2024;1772408697542643755;"aduh kok mules sih apa grgr sahur indomie";0;0;0;0;in;1381834672737374208;1772408697542643755;sopsief;https://twitter.com/sopsief/status/1772408697542643755
Mon Mar 25 23:40:11 +0000 2024;1772408168460537899;"No indomie in my yard ğŸ˜”";0;0;0;0;en;1097144323278323713;1772408168460537899;_____N0IR;https://twitter.com/_____N0IR/status/1772408168460537899
Mon Mar 25 23:40:06 +0000 2024;1772408145672884711;"Ohh dermmmm!!ğŸ˜­ğŸ˜­ğŸ˜­ The indomie babies wonâ€™t understand this video!! Legends in the game!!!ğŸ”¥ğŸ”¥ğŸ”¥ğŸ”¥ğŸ”¥ğŸ”¥ğŸ˜­ğŸ”¥ğŸ”¥ğŸ”¥ğŸ”¥ @AlloMaadjoa &amp  @DeGamechangers   || Follow @ghfrimpzy â€œCriss Waddleâ€ â€œShowboyâ€ â€œMedikalâ€ â€œEfia Odoâ€ â€œShattaâ€ â€œBongoâ€ #OnuaTv â€œCheddaâ€  #verydarkman https://t.co/xq0wmiOITW";1;1;2;53;en;1381890605593341953;1772408145672884711;ghfrimpzy;https://twitter.com/ghfrimpzy/status/1772408145672884711
Mon Mar 25 23:39:42 +0000 2024;1772408043692601532;"indomie cabe ijo ternyata ga seenak itu pls, ASIN BANGETğŸ˜”ğŸ˜”";0;0;0;0;in;1444005024342831105;1772408043692601532;arielkavinsky;https://twitter.com/arielkavinsky/status/1772408043692601532
Mon Mar 25 23:37:07 +0000 2024;1772407394816983344;"@kegblgnunfaedh @na_Uci ğŸ˜¶";0;0;0;0;qme;918167918344527872;1772290357788819608;tambahtelordong;https://twitter.com/tambahtelordong/status/1772407394816983344
Mon Mar 25 23:36:19 +0000 2024;1772407194224332911;"jimi semoga lu kl beli indomie gaada bumbunya, beli mie ayam gaada ayamnya, sirup lu kadaluarsa, kue kering di toples disemutin";0;0;0;0;in;1321679339751055365;1772406734692205031;Kadalnaga;https://twitter.com/Kadalnaga/status/1772407194224332911
Mon Mar 25 23:31:44 +0000 2024;1772406039591194950;"oh the way i miss eating peppery indomie ğŸ˜­";0;0;0;3;en;944374556814401536;1772406039591194950;_esenammm;https://twitter.com/_esenammm/status/1772406039591194950
Mon Mar 25 23:29:23 +0000 2024;1772405449544917376;"Gw kan belanja di klik indomaret, terus pas datang bingung ada tambahan indomie 2 bungkus sama sprite 3 botol. Ternyata promo harganya 0 ğŸ˜…ğŸ˜… spritenya gw simpen doang di kulkas";0;0;0;0;in;1451115284643811334;1772405449544917376;eunsangsenpai;https://twitter.com/eunsangsenpai/status/1772405449544917376
Mon Mar 25 23:27:26 +0000 2024;1772404957569810645;"@TaufiqSobari Di tolak karena takut ketahuan bahwa kelakuan tentara mereka tidak sesuai dengan propaganda propaganda yang selama ini mereka gembor gemborkan ğŸ˜…";0;0;0;1;in;1704793730069442560;1772158637428908036;AndreTanad49235;https://twitter.com/AndreTanad49235/status/1772404957569810645
Mon Mar 25 23:26:02 +0000 2024;1772404605827047618;"@sosmedkeras Indomie soto kuah double ğŸ˜­ğŸ˜­ğŸ˜­ğŸ«¶ğŸ»ğŸ«¶ğŸ»ğŸ«¶ğŸ»ğŸ«¶ğŸ»";0;0;0;0;in;1747668375151796225;1772272044312314055;puttyindriani;https://twitter.com/puttyindriani/status/1772404605827047618
Mon Mar 25 23:25:26 +0000 2024;1772404455197081673;"@_okime jollof  amala indomie";0;0;0;0;in;4610595814;1772297093140345320;muzzy_moh;https://twitter.com/muzzy_moh/status/1772404455197081673
Mon Mar 25 23:23:49 +0000 2024;1772404046575333630;"@SmokeOnTheAir1 Makanya jawa takut kalau papua referendum dan lebih milih merdeka di jamin makin banyak wilayah jajahan jawa yang bakal lepas";0;0;0;1;in;1704793730069442560;1772287197082747127;AndreTanad49235;https://twitter.com/AndreTanad49235/status/1772404046575333630
Mon Mar 25 23:20:13 +0000 2024;1772403143571075198;"@Ayo_4402 No go warm indomie chop";0;1;0;0;en;748949394603597824;1772402763009229107;Big_Aby;https://twitter.com/Big_Aby/status/1772403143571075198
Mon Mar 25 23:20:00 +0000 2024;1772403089976307838;"@DokterTifa @aniesbaswedan Maaf kalau pak anies menang pasti pengikutnya bakal lebih beringas ke kami para non muslim menginggat pendukung anies itu kebanyakan phobia smaa non muslim .pak aniesnya memang toleran tapi pengikutnya ini yang mengerikan";0;0;0;0;in;1704793730069442560;1772042705725747643;AndreTanad49235;https://twitter.com/AndreTanad49235/status/1772403089976307838
Mon Mar 25 23:18:14 +0000 2024;1772402642175578466;"@sosmedkeras Nasi padang &amp  indomie ğŸ’€";0;0;0;0;in;1763725926565892096;1772272044312314055;aldrsadl;https://twitter.com/aldrsadl/status/1772402642175578466
Mon Mar 25 23:17:41 +0000 2024;1772402504497607003;"Ø¨Ø¯ÙˆÙ† ØªÙÙƒÙŠØ± .. https://t.co/l1n369IIM2";0;0;0;2;ar;1595985319106674689;1772402504497607003;Ann_Indomie;https://twitter.com/Ann_Indomie/status/1772402504497607003
Mon Mar 25 23:17:32 +0000 2024;1772402469022126244;"@Nebuchanedzar_I @LeClerc30998859 Viper kw 2 :v";0;0;0;0;de;1704793730069442560;1772155010366751044;AndreTanad49235;https://twitter.com/AndreTanad49235/status/1772402469022126244
Mon Mar 25 23:10:26 +0000 2024;1772400679744602138;"GUE HARUS BISA DAPETIN ORG YG GATAHAN PEDESNYA SAMBEL INDOMIE KEK GUE PLSSS";0;1;0;0;in;885432238711517186;1772400679744602138;elmahrsy;https://twitter.com/elmahrsy/status/1772400679744602138
Mon Mar 25 23:08:54 +0000 2024;1772400295336636592;"@sosmedkeras Indomie";0;0;0;0;it;1514616703019196421;1772272044312314055;AdhyaAlfarizi;https://twitter.com/AdhyaAlfarizi/status/1772400295336636592
Mon Mar 25 23:05:46 +0000 2024;1772399507008848103;"@HussamTastic indomie is top tier";0;1;0;1;en;1650111323580104705;1772384457636339808;ifweweresorrows;https://twitter.com/ifweweresorrows/status/1772399507008848103
Mon Mar 25 23:05:02 +0000 2024;1772399319670210830;"@strike_bravo_b Putin bukan pro islam atau palestine tapi mereka hanya benci amerika ğŸ˜…";0;0;0;0;in;1704793730069442560;1772197808436924832;AndreTanad49235;https://twitter.com/AndreTanad49235/status/1772399319670210830
Mon Mar 25 23:01:49 +0000 2024;1772398510320631876;"@sosmedkeras Nasi, indomieâ€¦";0;0;0;0;in;135391392;1772272044312314055;MelliUtami;https://twitter.com/MelliUtami/status/1772398510320631876
Mon Mar 25 23:00:23 +0000 2024;1772398150705188964;"Yg sahurnya sm indomie+pake cabe, apa ga diare pas siangnya?";0;2;0;0;in;1251112602026958848;1772398150705188964;tte0kb0kkiii;https://twitter.com/tte0kb0kkiii/status/1772398150705188964
Mon Mar 25 22:57:20 +0000 2024;1772397385680908534;"@jarsy_scott Add...Dollar dey fall, Indomie dey fall, rice and garri no gree fall https://t.co/JZAWvTgYWk";0;0;0;0;en;173830279;1772391190458978731;Lwkmd4h;https://twitter.com/Lwkmd4h/status/1772397385680908534
Mon Mar 25 22:56:18 +0000 2024;1772397125206225153;"@Northernman00 Indomie tafi Æ™arfin gayu yanzu ğŸ˜…";0;0;0;1;in;633924380;1772364086476415427;el_ahmadyy;https://twitter.com/el_ahmadyy/status/1772397125206225153
Mon Mar 25 22:54:44 +0000 2024;1772396728165044360;"@ceeraunophile klo sahur blm pernah tp udh buka puasa pake indomie sekali";0;0;0;0;in;296059526;1772360927054107095;ungeee___;https://twitter.com/ungeee___/status/1772396728165044360
Mon Mar 25 22:53:31 +0000 2024;1772396422295363825;"I love how me and @rivenscake got Indomie.  Their reason was wondering wtf people crying about and my reason was being of a Strictly Dumpling video from 2016 LMAO";0;1;0;1;en;2823580585;1772396422295363825;ladytwo_;https://twitter.com/ladytwo_/status/1772396422295363825
Mon Mar 25 22:52:07 +0000 2024;1772396070275789060;"@dprhiburanmalam Ndak mampu wkwkwk";0;0;0;0;in;3016958989;1772162818734764395;haqqisabdawiraw;https://twitter.com/haqqisabdawiraw/status/1772396070275789060
Mon Mar 25 22:50:34 +0000 2024;1772395682504020280;"@sosmedkeras INDOMIE GORENG &amp  BAKSO KUPLUK";0;0;0;0;in;1118875588377206785;1772272044312314055;lawithluv;https://twitter.com/lawithluv/status/1772395682504020280
Mon Mar 25 22:50:30 +0000 2024;1772395666162995293;"@fzdzzn32 @miharja67903 Ahahahah anjinggg drtd gue ngetik panjang lebar ternyata dia nyamain biaya kuliah mahasiswa sama indomie ğŸ˜­ğŸ˜­ğŸ˜­";0;1;0;0;in;1761396374288187392;1772381720895000796;pascaorba;https://twitter.com/pascaorba/status/1772395666162995293
Mon Mar 25 22:48:57 +0000 2024;1772395272963764233;"@KepaArgawinata7 Ujungnya bikin Indomie telor pas sampai rumah... Yekaaaaaan...???";0;0;0;0;in;920096674227281920;1772202998846087637;Gunawan53722139;https://twitter.com/Gunawan53722139/status/1772395272963764233
Mon Mar 25 22:46:56 +0000 2024;1772394767931875782;"@pascaorba @fzdzzn32 Fair dari kenaikan harga2 dibanding harga ukt naik. Indomie aja jaman gw 1500 udah naik. Masa harga ukt ga naik juga.  Opini jelek tergantung pov jadi lu malu bilang jelek ya terserah namanya juga opini. Dahlah mo siap siap gawe ğŸ¥±ğŸ¥±ğŸ¥±";0;1;0;0;in;1687256809109946379;1772381720895000796;miharja67903;https://twitter.com/miharja67903/status/1772394767931875782
Mon Mar 25 22:46:16 +0000 2024;1772394597848641815;"@winonadonna indomie ğŸ˜";0;0;0;0;it;54115089;1772366462985875912;khairfadly;https://twitter.com/khairfadly/status/1772394597848641815
Mon Mar 25 22:46:16 +0000 2024;1772394597458575390;"@AirinDatangLagi Partain sial indomie";0;0;0;0;in;1653026121825529856;1772269921336013220;AliAlha35665665;https://twitter.com/AliAlha35665665/status/1772394597458575390
Mon Mar 25 22:46:07 +0000 2024;1772394561190457431;"UNN girls don d use indomie take know guys wey nor get money o ? https://t.co/MTYGd5b4kr";0;0;0;0;en;1545040459839315968;1772394561190457431;707josephodoh;https://twitter.com/707josephodoh/status/1772394561190457431
Mon Mar 25 22:45:06 +0000 2024;1772394306780704783;"indomie hot plate, apasih namanya https://t.co/Nj3ydQ583d";0;0;0;0;in;1142274770693529600;1772394306780704783;jevonisme;https://twitter.com/jevonisme/status/1772394306780704783
Mon Mar 25 22:43:50 +0000 2024;1772393987418034361;"@suhnnycats @yourxtrex "Kamu masak apa sahur ini?" "Cuma nugget sama indomie goreng, gapapa kan?" "Gapapa, yang penting makannya sama kamu"";0;1;0;0;in;1079558066868084741;1772392183510732955;zeamaysho;https://twitter.com/zeamaysho/status/1772393987418034361
Mon Mar 25 22:43:45 +0000 2024;1772393966211661876;"just tried indomie for the first time and i see why everyone went nuts over it like months back";0;2;0;2;en;820503092688863232;1772393966211661876;rivenscake;https://twitter.com/rivenscake/status/1772393966211661876
Mon Mar 25 22:36:56 +0000 2024;1772392251802477043;"Kita tak nak start boikot IndoMie ke? J&amp T? Traveloka?";0;0;0;4;in;320876615;1772392251802477043;Mamato_Marcello;https://twitter.com/Mamato_Marcello/status/1772392251802477043
Mon Mar 25 22:36:55 +0000 2024;1772392247658443015;"Indomie seharga 70rb :')";0;0;0;0;in;1305369144397672448;1772392247658443015;kinacore;https://twitter.com/kinacore/status/1772392247658443015
Mon Mar 25 22:31:20 +0000 2024;1772390841694236674;"@Dafe_celeb @Wizarab10 Guy you be indomie generation aswear";0;0;0;0;en;1543236350526328832;1772347911780671629;TochiEbony;https://twitter.com/TochiEbony/status/1772390841694236674
Mon Mar 25 22:30:45 +0000 2024;1772390694180581685;"indomieğŸ˜„ (seleraku maksudnya)";0;0;0;0;in;286670531;1772390694180581685;mydearyoungho;https://twitter.com/mydearyoungho/status/1772390694180581685
Mon Mar 25 22:27:57 +0000 2024;1772389987259982173;"@ShopeeID Indomie min";0;0;0;0;in;1102849476014694400;1772368453522903414;dendlius;https://twitter.com/dendlius/status/1772389987259982173
